-- --------------------------------------------------------
-- Host:                         localhost
-- Server version:               5.7.24 - MySQL Community Server (GPL)
-- Server OS:                    Win64
-- HeidiSQL Version:             9.5.0.5332
-- --------------------------------------------------------

/*!40101 SET @OLD_CHARACTER_SET_CLIENT=@@CHARACTER_SET_CLIENT */;
/*!40101 SET NAMES utf8 */;
/*!50503 SET NAMES utf8mb4 */;
/*!40014 SET @OLD_FOREIGN_KEY_CHECKS=@@FOREIGN_KEY_CHECKS, FOREIGN_KEY_CHECKS=0 */;
/*!40101 SET @OLD_SQL_MODE=@@SQL_MODE, SQL_MODE='NO_AUTO_VALUE_ON_ZERO' */;


-- Dumping database structure for ooblogsite
CREATE DATABASE IF NOT EXISTS `ooblogsite` /*!40100 DEFAULT CHARACTER SET latin1 */;
USE `ooblogsite`;

-- Dumping structure for table ooblogsite.blog_posts
CREATE TABLE IF NOT EXISTS `blog_posts` (
  `blog_post_id` int(11) NOT NULL AUTO_INCREMENT,
  `title` varchar(100) NOT NULL,
  `blog_post` text NOT NULL,
  `submitted_on` timestamp NULL DEFAULT NULL,
  `user_id` int(20) NOT NULL,
  PRIMARY KEY (`blog_post_id`),
  KEY `FK_USER_TABLE_USER_ID` (`user_id`),
  CONSTRAINT `FK_USER_TABLE_USER_ID` FOREIGN KEY (`user_id`) REFERENCES `users` (`user_id`)
) ENGINE=InnoDB AUTO_INCREMENT=9 DEFAULT CHARSET=utf8;

-- Dumping data for table ooblogsite.blog_posts: ~8 rows (approximately)
/*!40000 ALTER TABLE `blog_posts` DISABLE KEYS */;
INSERT INTO `blog_posts` (`blog_post_id`, `title`, `blog_post`, `submitted_on`, `user_id`) VALUES
	(1, 'First post', ' text text text text text text text text text text text text text text text text text text text text text text text text text text text text text text text text text text text text text text text text text text text text text text text text text text text text text text text text text text text text text text text text text text text text text text text text text text text text text text text text text text text text text text text text text text text text text text text text text text text text text text text text text text text text text text text text text text text text text text text text text text text text text text text text text text text text text text text text text text text text text text text text text text text text text text text text text text text text text text text text text text text text text text text text text text text text text text text text text text text text text text text text text text text text text text text text text text text text text text text text text text text text text text text text text text text text text text text text text text', '2019-03-25 00:00:00', 1),
	(2, 'Second post', 'next post content  text  text  text  text  text  text  text  text  text  text  text  text  text  text  text  text  text  text  text  text  text  text  text  text  text  text  text  text  text  text  text  text  text  text  text  text  text  text  text  text  text  text  text  text  text  text  text  text  text  text  text  text  text  text  text  text  text  text  text  text  text  text  text  text  text  text  text  text  text  text  text  text  text  text  text  text  text  text  text  text  text  text  text  text  text  text  text  text  text  text  text  text  text  text  text  text  text  text  text  text  text  text  text  text  text  text  text  text  text  text  text  text  text  text  text  text  text  text  text  text  text  text  text  text  text  text  text  text  text  text  text  text  text  text  text  text  text  text  text  text  text  text  text  text  text  text  text  text  text  text  text  text  text  text  text  text  text  text  text  text  text  text  text  text  text  text  text  text  text  text  text  text  text  text  text  text  text  text  text  text  text  text  text  text  text  text  text  text  text  text  text  text  text  text  text  text  text  text  text  text  text  text  text  text  text  text  text  text  text  text  text  text  text  text  text  text  text  text ', '2019-03-25 00:00:00', 1),
	(3, 'This is a post', 'Blog blog  text  text  text  text  text  text  text  text  text  text  text  text  text  text  text  text  text  text  text  text  text  text  text  text  text  text  text  text  text  text  text  text  text  text  text  text  text  text  text  text  text  text  text  text  text  text  text  text  text  text  text  text  text  text  text  text  text  text  text  text  text  text  text  text  text  text  text  text  text  text  text  text  text  text  text  text  text  text  text  text  text  text  text  text  text  text  text  text  text  text  text  text  text  text  text  text  text  text  text  text  text  text  text  text  text  text  text  text  text  text  text  text  text  text  text  text  text  text  text  text  text  text  text  text  text  text  text  text  text  text  text  text  text  text  text  text  text  text  text  text  text  text  text  text  text  text  text  text  text  text  text  text  text  text  text  text  text  text  text  text  text  text  text  text  text  text  text  text  text  text  text  text  text  text  text  text  text  text  text  text  text  text ', '2019-03-25 00:00:00', 2),
	(4, 'Monday monday', 'post blah blahpost blah blahpost blah blahpost blah blahpost blah blahpost blah blahpost blah blahpost blah blahpost blah blahpost blah blahpost blah blahpost blah blahpost blah blahpost blah blahpost blah blahpost blah blahpost blah blahpost blah blahpost blah blahpost blah blahpost blah blahpost blah blahpost blah blahpost blah blahpost blah blahpost blah blahpost blah blahpost blah blahpost blah blahpost blah blahpost blah blahpost blah blahpost blah blahpost blah blahpost blah blahpost blah blahpost blah blahpost blah blahpost blah blahpost blah blahpost blah blahpost blah blahpost blah blahpost blah blahpost blah blahpost blah blahpost blah blahpost blah blahpost blah blahpost blah blahpost blah blahpost blah blahpost blah blahpost blah blahpost blah blahpost blah blahpost blah blahpost blah blahpost blah blahpost blah blahpost blah blahpost blah blahpost blah blahpost blah blahpost blah blahpost blah blahpost blah blahpost blah blahpost blah blahpost blah blahpost blah blahpost blah blahpost blah blahpost blah blahpost blah blahpost blah blahpost blah blahpost blah blahpost blah blahpost blah blahpost blah blahpost blah blahpost blah blahpost blah blahpost blah blahpost blah blahpost blah blahpost blah blahpost blah blahpost blah blahpost blah blahpost blah blahpost blah blahpost blah blahpost blah blahpost blah blahpost blah blahpost blah blahpost blah blahpost blah blahpost blah blahpost blah blahpost blah blahpost blah blahpost blah blahpost blah blahpost blah blahpost blah blahpost blah blahpost blah blahpost blah blahpost blah blahpost blah blahpost blah blahpost blah blahpost blah blahpost blah blahpost blah blahpost blah blahpost blah blahpost blah blahpost blah blahpost blah blahpost blah blahpost blah blahpost blah blahpost blah blahpost blah blahpost blah blahpost blah blahpost blah blahpost blah blahpost blah blahpost blah blahpost blah blahpost blah blahpost blah blahpost blah blahpost blah blahpost blah blah', '2019-03-25 11:58:28', 1),
	(5, 'Ais Project', 'This is a test blog post. This is a test blog post. This is a test blog post. This is a test blog post. This is a test blog post. This is a test blog post. This is a test blog post. This is a test blog post. This is a test blog post. This is a test blog post. This is a test blog post. This is a test blog post. This is a test blog post. This is a test blog post. This is a test blog post. This is a test blog post. This is a test blog post. This is a test blog post. This is a test blog post. This is a test blog post. This is a test blog post. This is a test blog post. This is a test blog post. This is a test blog post. This is a test blog post. This is a test blog post. This is a test blog post. This is a test blog post. This is a test blog post. This is a test blog post. This is a test blog post. This is a test blog post. This is a test blog post. This is a test blog post. This is a test blog post. This is a test blog post. This is a test blog post. This is a test blog post. This is a test blog post. This is a test blog post. This is a test blog post. This is a test blog post. This is a test blog post. This is a test blog post. This is a test blog post. This is a test blog post. This is a test blog post. This is a test blog post. This is a test blog post. This is a test blog post. This is a test blog post. This is a test blog post. This is a test blog post. This is a test blog post. This is a test blog post. This is a test blog post. This is a test blog post. This is a test blog post. This is a test blog post. This is a test blog post. This is a test blog post. This is a test blog post. This is a test blog post. This is a test blog post. This is a test blog post. This is a test blog post. This is a test blog post. This is a test blog post. This is a test blog post. This is a test blog post. This is a test blog post. This is a test blog post. This is a test blog post. This is a test blog post. This is a test blog post. This is a test blog post. This is a test blog post. This is a test blog post. This is a test blog post. This is a test blog post. This is a test blog post. This is a test blog post. This is a test blog post. This is a test blog post. This is a test blog post. This is a test blog post. This is a test blog post. This is a test blog post. This is a test blog post. This is a test blog post. This is a test blog post. This is a test blog post. This is a test blog post. This is a test blog post. This is a test blog post. This is a test blog post. This is a test blog post. This is a test blog post. This is a test blog post. This is a test blog post. This is a test blog post. This is a test blog post. This is a test blog post. This is a test blog post. This is a test blog post. This is a test blog post. This is a test blog post. This is a test blog post. This is a test blog post. This is a test blog post. This is a test blog post. This is a test blog post. This is a test blog post. This is a test blog post. This is a test blog post. This is a test blog post. This is a test blog post. This is a test blog post. This is a test blog post. This is a test blog post. This is a test blog post. This is a test blog post. This is a test blog post. This is a test blog post. This is a test blog post. This is a test blog post. This is a test blog post. This is a test blog post. This is a test blog post. This is a test blog post. This is a test blog post. ', '2019-03-25 15:44:43', 1),
	(6, 'Edited Books to read', 'Edited Text Text Text Text Text Text Text Text Text Text Text Text Text Text Text Text Text Text Text Text Text Text Text Text Text Text Text Text Text Text Text Text Text Text Text Text Text Text Text Text Text Text Text Text Text Text Text Text Text Text Text Text Text Text Text Text Text Text Text Text Text Text Text Text Text Text Text Text Text Text Text Text Text Text Text Text Text Text Text Text Text Text Text Text Text Text Text Text Text Text Text Text Text Text Text Text Text Text Text Text Text Text Text Text Text Text Text Text Text Text Text Text Text Text Text Text Text Text Text Text Text Text Text Text Text Text Text Text Text Text Text Text Text Text Text Text Text Text Text Text Text Text Text Text Text Text Text Text Text Text Text Text Text Text Text Text Text Text Text Text Text Text Text Text Text Text Text Text Text Text Text Text Text Text Text Text Text Text Text Text Text Text Text Text Text Text Text Text Text Text Text Text Text Text Text Text Text Text Text Text Text Text Text Text Text Text Text Text Text Text Text Text Text Text Text Text Text Text Text Text Text Text Text Text Text Text Text Text Text Text Text Text Text Text Text Text Text Text Text Text Text Text Text Text Text Text Text Text Text Text Text Text Text Text Text Text Text Text Text Text Text Text Text Text Text Text Text Text Text Text Text Text Text Text Text Text Text Text Text Text Text Text Text Text Text Text Text Text Text Text Text Text Text Text Text Text Text Text Text Text Text Text Text Text Text Text Text Text Text Text Text Text Text Text Text Text Text Text Text Text Text Text Text Text Text Text Text Text Text Text Text Text Text Text Text Text Text Text Text Text Text Text Text Text Text Text Text Text Text Text Text Text Text Text Text Text Text Text Text Text Text Text Text Text Text Text Text Text Text Text Text Text Text Text Text Text Text Text Text Text Text Text Text Text Text Text Text Text Text Text Text Text Text Text Text Text Text Text Text Text Text Text Text Text Text Text Text Text Text Text Text Text Text Text Text Text Text Text Text Text Text Text Text Text Text Text Text Text Text Text Text Text Text Text Text Text Text Text Text Text Text Text Text Text Text Text Text Text Text Text Text Text Text Text Text Text Text Text Text Text Text Text Text Text Text Text Text Text Text Text Text Text Text Text Text Text Text Text Text Text Text Text Text Text Text Text Text Text Text Text Text Text Text Text Text Text Text Text Text Text Text Text Text Text Text Text Text Text Text Text Text Text Text Text Text Text Text Text Text Text Text Text Text Text Text Text Text Text Text Text Text Text Text Text Text Text Text Text Text Text Text Text Text Text Text Text Text Text Text Text Text Text Text Text Text Text Text Text Text Text Text Text Text Text Text Text Text Text Text Text Text Text Text Text Text Text Text Text Text Text Text Text Text Text Text Text Text Text Text Text Text Text Text Text Text Text Text Text Text Text Text Text Text Text Text Text Text Text Text Text Text Text Text Text Text Text Text Text Text Text Text Text Text Text Text Text Text Text Text Text Text Text Text Text Text Text Text Text Text Text Text Text Text Text Text Text Text Text Text Text Text Text Text Text Text Text Text Text Text Text Text Text Text Text Text Text Text Text Text Text Text Text Text Text Text Text Text Text Text Text Text Text Text Text Text Text Text Text Text Text Text Text Text Text Text Text Text Text Text Text Text Text Text Text Text Text Text Text Text Text Text Text Text Text Text Text Text Text Text Text Text Text Text Text Text Text Text Text Text Text Text Text Text Text Text Text Text Text Text Text Text Text Text Text Text Text Text Text Text Text Text Text Text Text Text Text Text Text Text Text Text Text Text Text Text Text Text Text Text Text Text Text Text Text Text Text Text Text Text Text Text Text Text Text Text Text Text Text Text Text Text Text Text Text Text Text Text Text Text Text Text Text Text Text Text Text Text Text Text Text Text Text Text Text Text Text Text Text Text Text Text Text Text Text Text Text Text Text Text Text Text Text Text Text Text Text Text Text Text Text Text Text Text Text Text Text Text Text Text Text Text Text Text Text Text Text Text Text Text Text Text Text Text Text Text Text Text Text Text Text Text Text Text Text Text Text Text Text Text Text Text Text Text Text Text Text Text Text Text Text Text Text Text Text Text Text Text Text Text Text Text Text Text Text Text Text Text Text Text Text Text Text Text Text Text Text Text Text Text Text Text Text Text Text Text Text Text Text Text Text Text Text Text Text Text Text Text Text Text Text Text Text Text Text Text Text Text Text Text Text Text Text Text Text Text Text Text Text Text Text Text Text Text Text Text Text Text Text Text Text Text Text Text Text Text Text Text Text Text Text Text Text Text Text Text Text Text Text Text Text Text Text Text Text Text Text Text Text Text Text Text Text Text Text Text Text Text Text Text Text Text Text Text Text Text Text Text Text Text Text Text Text Text Text Text Text Text Text Text Text Text Text Text Text Text Text Text Text Text Text Text Text Text Text Text Text Text Text Text Text Text Text Text Text Text Text Text Text Text Text Text Text Text Text Text Text Text Text Text Text Text Text Text Text Text Text Text Text Text Text Text Text Text Text Text Text Text Text Text Text Text Text Text Text Text Text Text Text Text Text Text Text Text Text Text Text Text Text Text Text Text Text Text Text Text Text Text Text Text Text Text Text Text Text Text Text Text Text Text Text Text Text Text Text Text Text Text Text Text Text Text Text Text Text Text Text Text Text Text Text Text Text Text Text Text Text Text Text Text Text Text Text Text Text Text Text Text Text Text Text Text Text Text Text Text Text Text Text Text Text Text Text Text Text Text Text Text Text Text Text Text Text Text Text Text Text Text Text Text Text Text Text Text Text Text Text Text Text Text Text Text Text Text Text Text Text Text Text Text Text Text Text Text Text Text Text Text Text Text Text Text Text Text Text Text Text Text Text Text Text Text Text Text Text Text Text Text Text Text Text Text Text Text Text Text Text Text Text Text Text Text Text Text Text Text Text Text Text Text Text Text Text Text Text Text Text Text Text Text Text Text Text Text Text Text Text Text Text Text Text Text Text Text Text Text Text Text Text Text Text Text Text Text Text Text Text Text Text Text Text Text Text Text Text Text Text Text Text Text Text Text Text Text Text Text Text Text Text Text Text Text Text Text Text Text Text Text Text Text Text Text Text Text Text Text Text Text Text Text Text Text Text Text Text Text Text Text Text Text Text Text Text Text Text Text Text Text Text Text Text Text Text Text Text Text Text Text Text Text Text Text Text Text Text Text Text Text Text Text Text Text Text Text Text Text Text Text Text Text Text Text Text Text Text Text Text Text Text Text Text Text Text Text Text Text Text Text Text Text Text Text Text Text Text Text Text Text Text Text Text Text Text Text Text Text Text Text Text Text Text Text Text Text Text Text Text Text Text Text Text Text Text Text Text Text Text Text Text Text Text Text Text Text Text Text Text Text Text Text Text Text Text Text Text Text Text Text Text Text Text Text Text Text Text Text Text Text Text Text Text Text Text Text Text Text Text Text Text Text Text Text Text Text Text Text Text Text Text Text Text Text Text Text Text Text Text Text Text Text Text Text Text Text Text Text Text Text Text Text Text Text Text Text Text Text Text Text Text Text Text Text Text Text Text Text Text Text Text Text Text Text Text Text Text Text Text Text Text Text Text Text Text Text Text Text Text Text Text Text Text Text Text Text Text Text Text Text Text Text Text Text Text Text Text Text Text Text Text Text Text Text Text Text Text Text Text Text Text Text Text Text Text Text Text Text Text Text Text Text Text Text Text Text Text Text Text Text Text Text Text Text Text Text Text Text Text Text Text Text Text Text Text Text Text Text Text Text Text Text Text Text Text Text Text Text Text Text Text Text Text Text Text Text Text Text Text Text Text Text Text Text Text Text Text Text Text Text Text Text Text Text Text Text Text Text Text Text Text Text Text Text Text Text Text Text Text Text Text Text Text Text Text Text Text Text Text Text Text Text Text Text Text Text Text Text Text Text Text Text Text Text Text Text Text Text Text Text Text Text Text Text Text Text Text Text Text Text Text Text Text Text Text Text Text Text Text Text Text Text Text Text Text Text Text Text Text Text Text Text Text Text Text Text Text Text Text Text Text Text Text Text Text Text Text Text Text Text Text Text Text Text Text Text Text Text Text Text Text Text Text Text Text Text Text Text Text Text Text Text Text Text Text Text Text Text Text Text Text Text Text Text Text Text Text Text Text Text Text Text Text Text Text Text Text Text Text Text Text Text Text Text Text Text Text Text Text Text Text Text Text Text Text Text Text Text Text Text Text Text Text Text Text Text Text Text Text Text Text Text Text Text Text Text Text Text Text Text Text Text Text Text Text Text Text Text Text Text Text Text Text Text Text Text Text Text Text Text Text Text Text Text Text Text Text Text Text Text Text Text Text Text Text Text Text Text Text Text Text Text Text Text Text Text Text Text Text Text Text Text Text Text Text Text Text Text Text Text Text Text Text Text Text Text Text Text Text Text Text Text Text Text Text Text Text Text Text Text Text Text Text Text Text Text Text Text Text Text Text Text Text Text Text Text Text Text Text Text Text Text Text Text Text Text Text Text Text Text Text Text Text Text Text Text Text Text Text Text Text Text Text Text Text Text Text Text Text Text Text Text Text Text Text Text Text Text Text Text Text Text Text Text Text Text Text Text Text Text Text Text Text Text Text Text Text Text Text Text Text Text Text Text Text Text Text Text Text Text Text Text Text Text Text Text Text Text Text Text Text Text Text Text Text Text Text Text Text Text Text Text Text Text Text Text Text Text Text Text Text Text Text Text Text Text Text Text Text Text Text Text Text Text Text Text Text Text Text Text Text Text Text Text Text Text Text Text Text Text Text Text Text Text Text Text Text Text Text Text Text Text Text Text Text Text Text Text Text Text Text Text Text Text Text Text Text Text Text Text Text Text Text Text Text Text Text Text Text Text Text Text Text Text Text Text Text Text Text Text Text Text Text Text Text Text Text Text Text Text Text Text Text Text Text Text Text Text Text Text Text Text Text Text Text Text Text Text Text Text Text Text Text Text Text Text Text Text Text Text Text Text Text Text Text Text Text Text Text Text Text Text Text Text Text Text Text Text Text Text Text Text Text Text Text Text Text Text Text Text Text Text Text Text Text Text Text Text Text Text Text Text Text Text Text Text Text Text Text Text Text Text Text Text Text Text Text Text Text Text Text Text Text Text Text Text Text Text Text Text Text Text Text Text Text Text Text Text Text Text Text Text Text Text Text Text Text Text Text Text Text Text Text Text Text Text Text Text Text Text Text Text Text Text Text Text Text Text Text Text Text Text Text Text Text Text Text Text Text Text Text Text Text Text Text Text Text Text Text Text Text Text Text Text Text Text Text Text Text Text Text Text Text Text Text Text Text Text Text Text Text Text Text Text Text Text Text Text Text Text Text Text Text Text Text Text Text Text Text Text Text Text Text Text Text Text Text Text Text Text Text Text Text Text Text Text Text Text Text Text Text Text Text Text Text Text Text Text Text Text Text Text Text Text Text Text Text Text Text Text Text Text Text Text Text Text Text Text Text Text Text Text Text Text Text Text Text Text Text Text Text Text Text Text Text Text Text Text Text Text Text Text Text Text Text Text Text Text Text Text Text Text Text Text Text Text Text Text Text Text Text Text Text Text Text Text Text Text Text Text Text Text Text Text Text Text Text Text Text Text Text Text Text Text Text Text Text Text Text Text Text Text Text Text Text Text Text Text Text Text Text Text Text Text Text Text Text Text Text Text Text Text Text Text Text Text Text Text Text Text Text Text Text Text Text Text Text Text Text Text Text Text Text Text Text Text Text Text Text Text Text Text Text Text Text Text Text Text Text Text Text Text Text Text Text Text Text Text Text Text Text Text Text Text Text Text Text Text Text Text Text Text Text Text Text Text Text Text Text Text Text Text Text Text Text Text Text Text Text Text Text Text Text Text Text Text Text Text Text Text Text Text Text Text Text Text Text Text Text Text Text Text Text Text Text Text Text Text Text Text Text Text Text Text Text Text Text Text Text Text Text Text Text Text Text Text Text Text Text Text Text Text Text Text Text Text Text Text Text Text Text Text Text Text Text Text Text Text Text Text Text Text Text Text Text Text Text Text Text Text Text Text Text Text Text Text Text Text Text Text Text Text Text Text Text Text Text Text Text Text Text Text Text Text Text Text Text Text Text Text Text Text Text Text Text Text Text Text Text Text Text Text Text Text Text Text Text Text Text Text Text Text Text Text Text Text Text Text Text Text Text Text Text Text Text Text Text Text Text Text Text Text Text Text Text Text Text Text Text Text Text Text Text Text Text Text Text Text Text Text Text Text Text Text Text Text Text Text Text Text Text Text Text Text Text Text Text Text Text Text Text Text Text Text Text Text Text Text Text Text Text Text Text Text Text Text Text Text Text Text Text Text Text Text Text Text Text Text Text Text Text Text Text Text Text Text Text Text Text Text Text Text Text Text Text Text Text Text Text Text Text Text Text Text Text Text Text Text Text Text Text Text Text Text Text Text Text Text Text Text Text Text Text Text Text Text Text Text Text Text Text Text Text Text Text Text Text Text Text Text Text Text Text Text Text Text Text Text Text Text Text Text Text Text Text Text Text Text Text Text Text Text Text Text Text Text Text Text Text Text Text Text Text Text Text Text Text Text Text Text Text Text Text Text Text Text Text Text Text Text Text Text Text Text Text Text Text Text Text Text Text Text Text Text Text Text Text Text Text Text Text Text Text Text Text Text Text Text Text Text Text Text Text Text Text Text Text Text Text Text Text Text Text Text Text Text Text Text Text Text Text Text Text Text Text Text Text Text Text Text Text Text Text Text Text Text Text Text Text Text Text Text Text Text Text Text Text Text Text Text Text Text Text Text Text Text Text Text Text Text Text Text Text Text Text Text Text Text Text Text Text Text Text Text Text Text Text Text Text Text Text Text Text Text Text Text Text Text Text Text Text Text Text Text Text Text Text Text Text Text Text Text Text Text Text Text Text Text Text Text Text Text Text Text Text Text Text Text Text Text Text Text Text Text Text Text Text Text Text Text Text Text Text Text Text Text Text Text Text Text Text Text Text Text Text Text Text Text Text Text Text Text Text Text Text Text Text Text Text Text Text Text Text Text Text Text Text Text Text Text Text Text Text Text Text Text Text Text Text Text Text Text Text Text Text Text Text Text Text Text Text Text Text Text Text Text Text Text Text Text Text Text Text Text Text Text Text Text Text Text Text Text Text Text Text Text Text Text Text Text Text Text Text Text Text Text Text Text Text Text Text Text Text Text Text Text Text Text Text Text Text Text Text Text Text Text Text Text Text Text Text Text Text Text Text Text Text Text Text ', '2019-03-25 15:51:19', 1),
	(7, 'Johns test post', 'I can edit this Blog Blog Blog Blog Blog Blog Blog Blog Blog Blog Blog Blog Blog Blog Blog Blog Blog Blog Blog Blog Blog Blog Blog Blog Blog Blog Blog Blog Blog Blog Blog Blog Blog Blog Blog Blog Blog Blog Blog Blog Blog Blog Blog Blog Blog Blog Blog Blog Blog Blog Blog Blog Blog Blog Blog Blog Blog Blog Blog Blog Blog Blog Blog Blog Blog Blog Blog Blog Blog Blog Blog Blog Blog Blog Blog Blog Blog Blog Blog Blog Blog Blog Blog Blog Blog Blog Blog Blog Blog Blog Blog Blog Blog Blog Blog Blog Blog Blog Blog Blog Blog Blog Blog Blog Blog Blog Blog Blog Blog Blog Blog Blog Blog Blog Blog Blog Blog Blog Blog Blog Blog Blog Blog Blog Blog Blog Blog Blog Blog Blog Blog Blog Blog Blog Blog Blog Blog Blog Blog Blog Blog Blog Blog Blog ', '2019-03-25 16:55:47', 3),
	(8, 'New Post after moving insert to blog class', 'blog class words text things go here. This is a blog. blog class words text things go here. This is a blog. blog class words text things go here. This is a blog. blog class words text things go here. This is a blog. blog class words text things go here. This is a blog. blog class words text things go here. This is a blog. blog class words text things go here. This is a blog. blog class words text things go here. This is a blog. blog class words text things go here. This is a blog. blog class words text things go here. This is a blog. blog class words text things go here. This is a blog. blog class words text things go here. This is a blog. blog class words text things go here. This is a blog. blog class words text things go here. This is a blog. blog class words text things go here. This is a blog. blog class words text things go here. This is a blog. blog class words text things go here. This is a blog. blog class words text things go here. This is a blog. blog class words text things go here. This is a blog. blog class words text things go here. This is a blog. blog class words text things go here. This is a blog. blog class words text things go here. This is a blog. blog class words text things go here. This is a blog. blog class words text things go here. This is a blog. blog class words text things go here. This is a blog. blog class words text things go here. This is a blog. blog class words text things go here. This is a blog. blog class words text things go here. This is a blog. blog class words text things go here. This is a blog. blog class words text things go here. This is a blog. blog class words text things go here. This is a blog. blog class words text things go here. This is a blog. blog class words text things go here. This is a blog. blog class words text things go here. This is a blog. blog class words text things go here. This is a blog. blog class words text things go here. This is a blog. blog class words text things go here. This is a blog. blog class words text things go here. This is a blog. blog class words text things go here. This is a blog. blog class words text things go here. This is a blog. blog class words text things go here. This is a blog. blog class words text things go here. This is a blog. blog class words text things go here. This is a blog. blog class words text things go here. This is a blog. blog class words text things go here. This is a blog. blog class words text things go here. This is a blog. blog class words text things go here. This is a blog. blog class words text things go here. This is a blog. blog class words text things go here. This is a blog. blog class words text things go here. This is a blog. blog class words text things go here. This is a blog. blog class words text things go here. This is a blog. blog class words text things go here. This is a blog. blog class words text things go here. This is a blog. blog class words text things go here. This is a blog. blog class words text things go here. This is a blog. blog class words text things go here. This is a blog. blog class words text things go here. This is a blog. blog class words text things go here. This is a blog. blog class words text things go here. This is a blog. blog class words text things go here. This is a blog. blog class words text things go here. This is a blog. blog class words text things go here. This is a blog. blog class words text things go here. This is a blog. blog class words text things go here. This is a blog. blog class words text things go here. This is a blog. blog class words text things go here. This is a blog. blog class words text things go here. This is a blog. blog class words text things go here. This is a blog. blog class words text things go here. This is a blog. blog class words text things go here. This is a blog. blog class words text things go here. This is a blog. blog class words text things go here. This is a blog. blog class words text things go here. This is a blog. blog class words text things go here. This is a blog. blog class words text things go here. This is a blog. blog class words text things go here. This is a blog. blog class words text things go here. This is a blog. blog class words text things go here. This is a blog. blog class words text things go here. This is a blog. blog class words text things go here. This is a blog. blog class words text things go here. This is a blog. blog class words text things go here. This is a blog. blog class words text things go here. This is a blog. blog class words text things go here. This is a blog. blog class words text things go here. This is a blog. blog class words text things go here. This is a blog. blog class words text things go here. This is a blog. blog class words text things go here. This is a blog. blog class words text things go here. This is a blog. blog class words text things go here. This is a blog. blog class words text things go here. This is a blog. blog class words text things go here. This is a blog. blog class words text things go here. This is a blog. blog class words text things go here. This is a blog. ', '2019-03-26 08:59:20', 1);
/*!40000 ALTER TABLE `blog_posts` ENABLE KEYS */;

-- Dumping structure for table ooblogsite.blog_post_comments
CREATE TABLE IF NOT EXISTS `blog_post_comments` (
  `blog_post_comments_id` int(11) NOT NULL AUTO_INCREMENT,
  `blog_post_id` int(11) NOT NULL,
  `user_id` int(11) NOT NULL,
  `comment` text NOT NULL,
  `submitted_on` datetime NOT NULL DEFAULT CURRENT_TIMESTAMP,
  PRIMARY KEY (`blog_post_comments_id`),
  KEY `FK_BLOG_POSTS_TABLE_BLOG_POST_ID` (`blog_post_id`),
  KEY `FK_USER_TABLE_USER_ID_FOR_COMMENTS` (`user_id`),
  CONSTRAINT `FK_BLOG_POSTS_TABLE_BLOG_POST_ID` FOREIGN KEY (`blog_post_id`) REFERENCES `blog_posts` (`blog_post_id`),
  CONSTRAINT `FK_USER_TABLE_USER_ID_FOR_COMMENTS` FOREIGN KEY (`user_id`) REFERENCES `users` (`user_id`)
) ENGINE=InnoDB AUTO_INCREMENT=12 DEFAULT CHARSET=utf8;

-- Dumping data for table ooblogsite.blog_post_comments: ~11 rows (approximately)
/*!40000 ALTER TABLE `blog_post_comments` DISABLE KEYS */;
INSERT INTO `blog_post_comments` (`blog_post_comments_id`, `blog_post_id`, `user_id`, `comment`, `submitted_on`) VALUES
	(1, 1, 1, 'comment goes here', '2019-03-25 10:26:01'),
	(2, 1, 1, 'second comment', '2019-03-25 10:59:22'),
	(3, 2, 2, 'commening this', '2019-03-25 12:59:09'),
	(4, 5, 3, 'This is a good post ', '2019-03-25 16:32:30'),
	(5, 1, 3, 'This is another comment for this post. ', '2019-03-25 16:35:10'),
	(6, 3, 1, 'This is a comment', '2019-03-26 08:47:49'),
	(7, 5, 1, 'First comment!', '2019-03-26 09:09:17'),
	(8, 8, 1, 'post ', '2019-03-26 09:09:40'),
	(9, 7, 1, 'I\'m commenting on this', '2019-03-26 09:20:17'),
	(10, 7, 5, 'Test post looks good!!', '2019-03-26 10:42:01'),
	(11, 8, 1, 'comment', '2019-03-26 11:30:08');
/*!40000 ALTER TABLE `blog_post_comments` ENABLE KEYS */;

-- Dumping structure for table ooblogsite.users
CREATE TABLE IF NOT EXISTS `users` (
  `user_id` int(11) NOT NULL AUTO_INCREMENT,
  `username` varchar(25) NOT NULL,
  `email` varchar(255) NOT NULL,
  `password` varchar(255) NOT NULL,
  PRIMARY KEY (`user_id`)
) ENGINE=InnoDB AUTO_INCREMENT=6 DEFAULT CHARSET=utf8;

-- Dumping data for table ooblogsite.users: ~5 rows (approximately)
/*!40000 ALTER TABLE `users` DISABLE KEYS */;
INSERT INTO `users` (`user_id`, `username`, `email`, `password`) VALUES
	(1, 'test', 'test@test.com', '$2y$10$FkH5WLrWt1aIg3E8p1u6ZuFNQqDE3bFK0pp7bq8seQUFO46/cyhtW'),
	(2, 'ais', 'aislinnrussell@gmlconsualting.co.uk', '$2y$10$GNmf6W.p8mZHSSv/lTLk8u.W/dnczYWbIq5cnVcCNJxT6A3pZ1TIu'),
	(3, 'JohnDoe', 'john@email.com', '$2y$10$du0IOeJ/NYOI08nb4xARE.NSNE6gp0JCl00fbKpKkWhCCE2vg4xw.'),
	(4, 'testuser', 'email@email.com', '$2y$10$0CuTy4scL4Ehoh2acG9hHeFHvem59H3HYDXNRVX4aoyuHEAAUUVZy'),
	(5, 'anonymous ', 'anonymous@email.com', '$2y$10$IrMgUDkWo8UF7arOHRGjguhwe4PoCL3zJuB3cdvpM/YKZaVIdfVO.');
/*!40000 ALTER TABLE `users` ENABLE KEYS */;

/*!40101 SET SQL_MODE=IFNULL(@OLD_SQL_MODE, '') */;
/*!40014 SET FOREIGN_KEY_CHECKS=IF(@OLD_FOREIGN_KEY_CHECKS IS NULL, 1, @OLD_FOREIGN_KEY_CHECKS) */;
/*!40101 SET CHARACTER_SET_CLIENT=@OLD_CHARACTER_SET_CLIENT */;
